y,prob
0,0.4585206750276927
0,0.5050369299746849
0,0.4186517353597525
0,0.4120570264152579
0,0.3755789967002096
0,0.5953867683136785
0,0.370287710146324
0,0.29927279820313324
0,0.2969998411230139
0,0.2664786236914428
0,0.433484439914291
0,0.32417011583173594
0,0.3462788970083803
0,0.4640729014535208
0,0.4584919065237045
0,0.5223481673243884
0,0.4359086429750597
0,0.2642664804651931
0,0.2982231269817095
0,0.10952916177543437
0,0.3442102253839776
0,0.3803290769055083
0,0.2377088963985443
0,0.30523614102118724
0,0.2460492863445669
0,0.21402403953913096
0,0.3330128847344501
0,0.33618806705281545
0,0.4679821564539058
0,0.3341740887310054
0,0.4439055442407325
0,0.3960290241080362
0,0.4081223256684639
0,0.409814440116689
0,0.1640496729193507
0,0.24198268394212466
0,0.2414712156798389
0,0.3309955339174013
0,0.4547231370532835
0,0.4746254348271602
0,0.17950767238397858
0,0.3970459876833735
0,0.30987404367408233
0,0.3768886411310853
0,0.3742399908400871
0,0.357775778383822
0,0.6092117315007223
0,0.5959724699323241
0,0.5395937125022348
0,0.2231077253818512
0,0.25123469682561383
0,0.32810256287858297
0,0.28865235762016195
0,0.16493119581325633
0,0.323688039908538
0,0.16504990893441274
0,0.13943077100289836
0,0.4236389512347208
0,0.14167315734399333
0,0.11909147211023274
0,0.23893552213101776
0,0.28860537768215744
0,0.21260607041217186
0,0.3427262382732855
0,0.12229798754324785
0,0.2799835143661177
0,0.2056480062168997
0,0.13467109283885434
0,0.2217944616804252
0,0.4962908700108528
0,0.1988251668375891
0,0.1999215809880076
0,0.2421244461391423
0,0.13102752775759308
0,0.586076814781975
0,0.18115453683846705
0,0.2618446672284925
0,0.1589170549366925
0,0.31061932122385183
0,0.17374223873421954
0,0.17154161752881225
0,0.4636980722079406
0,0.17086734965040873
0,0.2015460757790385
0,0.3182729941767615
0,0.1248694859646462
0,0.41880065041619374
0,0.14684297587420492
0,0.13939239044447205
0,0.2729622480031606
0,0.14792912715190165
0,0.08350819188195302
0,0.09045639553585573
0,0.2026244748283077
0,0.16824316414626872
0,0.13084290961961487
0,0.1611708620110074
0,0.3151122750462713
0,0.17821204179042094
0,0.09692456593384613
0,0.37435218762304334
0,0.08300706180366313
0,0.1860311595169274
0,0.24991044039661825
0,0.3879938375305485
0,0.6347408845416598
0,0.16612962291047384
0,0.30153935664408915
0,0.10983786228540783
0,0.248736326758926
0,0.2778601964583268
0,0.12250489801973907
0,0.31164730964480225
0,0.2274311370140797
0,0.08550709324914052
0,0.3753952569252735
0,0.4072744250297545
0,0.2838518643701399
0,0.22186204348061533
0,0.3823789841419941
0,0.18074491861704234
0,0.3021187911162505
0,0.10706934413394407
0,0.5273029548493591
0,0.5898246461072484
0,0.2276817999176077
0,0.26311024540179484
0,0.1340130905847292
0,0.3582074573716601
0,0.3133584349542051
0,0.3625786332665263
0,0.18630265545200653
0,0.10331140136396566
0,0.06666248553508036
0,0.1786096168530954
0,0.1837390677348988
0,0.23501835461403875
0,0.15474229547623042
0,0.2211556418521984
0,0.19763954346244395
0,0.06814094008626159
0,0.2894296863594571
0,0.12171334511524926
0,0.3215277197997313
0,0.14085201637164968
0,0.08128021697740295
0,0.24034157153722402
0,0.09875452921197224
0,0.08044431741173208
0,0.10898157229294647
0,0.12098241980011405
0,0.08207672351115458
0,0.16582982846208516
0,0.3456078542245401
0,0.1499616209719632
0,0.6865247802154437
0,0.6966178896459374
0,0.26392795830159577
0,0.2361778922983117
0,0.6297242013183799
0,0.21408070341960805
0,0.12504784642039124
0,0.2332162800672893
0,0.6430205523565009
0,0.1509768431251114
0,0.2657880863627872
0,0.07497620904767832
0,0.07031473920151997
0,0.17896701033050955
0,0.09752852530092804
0,0.11825299263000487
0,0.2499018194707664
0,0.2428167500608677
0,0.23277569300419576
0,0.08275668282766603
0,0.2712491500015194
0,0.5008305633390272
0,0.32802513362588104
0,0.20891884694228305
0,0.3834793503220016
0,0.2612742000334972
0,0.12493957216675222
0,0.2621630450358262
0,0.1111802128521172
0,0.2927269250959963
0,0.4104209820160993
0,0.4509599603511192
0,0.2914212684373598
0,0.04183853639138714
0,0.2173565078426052
0,0.27922940254211426
0,0.22288378670408915
0,0.2617536461031115
0,0.16978273198411276
0,0.5765585273101523
0,0.2576003006181201
0,0.15619324510161936
0,0.13421658648026955
0,0.39592524678320495
0,0.26071821757265035
0,0.2328848854915516
0,0.2191678809153067
0,0.1866929482769321
0,0.12552109119054433
0,0.2989373124531798
0,0.2778749530379837
0,0.24368757281351736
0,0.31322382108585256
0,0.3829499628092792
0,0.2509648336752041
0,0.2921023787678899
0,0.0906645816725653
0,0.41145013997683655
0,0.2991393168230314
0,0.3019522076120248
0,0.2842296949914984
0,0.5970267490357966
0,0.3958715812580006
0,0.14810437447315938
0,0.1121065197764216
0,0.13736679747297953
0,0.3823444150589608
0,0.3911630756951667
0,0.2659828952840857
0,0.4963180966473914
0,0.2444596878580145
0,0.1734241770731436
0,0.09937201963888632
0,0.19223295675741656
0,0.17640196310507286
0,0.3860470354557037
0,0.16133919277706665
0,0.18552605042586456
0,0.3258308848819217
0,0.2790748919989612
0,0.05302357029270477
0,0.12750821178023874
0,0.15255927072988973
0,0.1792634612805134
0,0.08160376387673451
0,0.3692315156395369
0,0.2416539836574245
0,0.20926591190131932
0,0.19061748401538747
0,0.14339963487676674
0,0.2651782398288315
0,0.5656378941761481
0,0.30738975429857096
0,0.12875270199131314
0,0.4167999800395321
0,0.0950260629525056
0,0.2188415656218657
0,0.19268373379836207
0,0.12271103987822662
0,0.3850086073617678
0,0.3606092736527726
0,0.12697051787698588
0,0.0966329816225413
0,0.1064312055304244
0,0.3735915678175721
0,0.5879070577589239
0,0.1497969885130186
0,0.3104930650946256
0,0.15037251646454275
0,0.1575963650200818
0,0.2392788050142495
0,0.4372832380436562
0,0.1639860256298168
0,0.2026339994894492
0,0.2033847699294219
0,0.26237564392991963
0,0.249532466804659
0,0.1062489071407834
0,0.08095229235855306
0,0.3537562618384489
0,0.07697058771107645
0,0.10477415613225992
0,0.3411547259704487
0,0.2625795385322055
0,0.2894906923174858
0,0.1968907649452621
0,0.13450538145529256
0,0.1582184055367032
0,0.12819240141559296
0,0.18321334107502085
0,0.25237253549936656
0,0.2484371412444759
0,0.32898031054316346
0,0.13545732723700032
0,0.3922687599787841
0,0.35574200507756826
0,0.3133600825393522
0,0.24947678881722524
0,0.1431597978682131
0,0.19801679414671824
0,0.6409338114632143
0,0.18683950965468946
0,0.12599934275085867
0,0.2954015941233248
0,0.4864828530195597
0,0.15027094692797272
0,0.1051463823060732
0,0.37979448586702347
0,0.2290180712132841
0,0.3212425708770752
0,0.33544729670157303
0,0.2990825146033957
0,0.25954333269918284
0,0.3764521834012624
0,0.2270598041044699
0,0.16449715640093832
0,0.4297267351601575
0,0.2346994707713256
0,0.1463846882452836
0,0.2719195879794456
0,0.13603459822164998
0,0.1214953081027882
0,0.3179101911751
0,0.4716513475050798
0,0.046959301909884836
0,0.14530458401989288
0,0.3668284045683371
0,0.09749092443569284
0,0.275820880322843
0,0.2332809124443982
0,0.12384306901210065
0,0.17063796198045889
0,0.08912072189756337
0,0.17571705096476786
0,0.14783490831787527
0,0.17221696312363088
0,0.17393800052436625
0,0.20690523208798586
0,0.10392411898922273
0,0.07561412131464162
0,0.2370295993782379
0,0.04833235933973978
0,0.1921908629907144
0,0.436774483403644
0,0.19444640826534576
0,0.06004191854515595
0,0.12804694795930704
0,0.2245263763376184
0,0.2399480020677721
0,0.18329017790588176
0,0.039494978414999486
0,0.2964121377145922
0,0.03497270474562775
0,0.09678451273892373
0,0.16319866981860753
0,0.14460293505642866
0,0.18701631716779765
0,0.1174713373184204
0,0.1252124551180247
0,0.1857149359342214
0,0.15546452515834086
0,0.13590392389812989
0,0.1818808687699808
0,0.2900460402707796
0,0.20122232872086604
0,0.2295655543739731
0,0.2239378304094881
0,0.07529088613149283
0,0.20911705332833366
0,0.15615229832159505
0,0.07309347713315806
0,0.16555165600132293
0,0.06119591642070465
0,0.15639999508857727
0,0.07325649100380971
0,0.03280642064842021
0,0.1971758571830956
0,0.058470131577672224
0,0.06896826383229847
0,0.06561692018766663
0,0.060761864120895785
0,0.1500665827377422
0,0.04473151226301453
0,0.4710829992954796
0,0.2359332861127081
0,0.17120141274220235
0,0.044732654416883344
0,0.3209311384204272
0,0.04315025419802277
0,0.05701982652818838
0,0.23579942374616056
0,0.17133375357937164
0,0.0672174337747935
0,0.050461997856964924
0,0.22356196593593905
0,0.23178435016322785
0,0.2857588839692038
0,0.1740644630548116
0,0.0787039004467629
0,0.18757570071800334
0,0.10433987346855368
0,0.06693784610645193
0,0.3115690559954256
0,0.10769675390140432
0,0.040876145298416544
0,0.06247183922174815
0,0.1774764640911205
0,0.2634145069766689
0,0.17008670036857187
0,0.12410332786070333
0,0.08887404686695821
0,0.0539163471879186
0,0.043861522867872926
0,0.035116785281413265
0,0.3188773256701392
0,0.052498210120845434
0,0.052498210120845434
0,0.02839574137249512
0,0.15214590768556335
0,0.25558358591956065
0,0.04466984239784444
0,0.3316949984511813
0,0.32892637760252563
0,0.2986772479237737
0,0.04449561157742066
0,0.05893032293061951
0,0.25513949426444804
0,0.0979620186058251
0,0.039080987105498455
0,0.10547556587167684
0,0.26041941193712725
0,0.1547225367378544
0,0.1322280587376775
0,0.2647380943636637
0,0.040924023937534686
0,0.21977596468216665
0,0.03691677789430359
0,0.03984311303576904
0,0.0527615772711264
0,0.21479763090610504
0,0.030268601469091494
0,0.1034740837844642
0,0.07424342310106435
0,0.1129476621344283
0,0.03703610639314392
0,0.05831332786663158
0,0.20536180122478587
0,0.05512689738660248
0,0.03415431203068908
0,0.03457194405633046
0,0.043824522881894534
0,0.03191340452915914
0,0.05080466979258769
0,0.1568929005313564
0,0.14166476275469808
0,0.2020527490892926
0,0.038856311424358525
0,0.03439654530705627
0,0.138599651890832
0,0.028963660871660364
0,0.16411016599552053
0,0.250430778071687
0,0.10425106738064738
0,0.038969325052725316
0,0.2845496974281363
0,0.04406174131341878
0,0.040313717481252336
0,0.15759791312990967
0,0.034717339116173807
0,0.0394396926905658
0,0.03495223941029724
0,0.2119883178053676
0,0.03914926019874776
0,0.0311139870334316
0,0.10724070587673706
0,0.05721124281754364
0,0.3590775758430764
0,0.05799217159683645
0,0.02803798623987141
0,0.2469540012849344
0,0.16892474627978096
0,0.03595502473212575
0,0.1742146276944393
0,0.06268693788631541
0,0.044491326486742144
0,0.4210057387480864
0,0.18878551310784109
0,0.1516646388414744
0,0.12181215189598706
0,0.13031583541148414
0,0.16786706125414053
0,0.0847861734596459
0,0.16961525420884827
0,0.03647150703378621
0,0.372149823485194
0,0.09476384601077514
0,0.2660493778215872
0,0.17239550642065105
0,0.2563012061086861
0,0.09501321895702464
0,0.26704351624121536
0,0.1964895286270089
0,0.06953443385459279
0,0.2267300196596093
0,0.0428343334713498
0,0.2911188948798824
0,0.16742079614384753
0,0.3522570648708859
0,0.13640781995412465
0,0.2377404143681397
0,0.2101788979929846
0,0.34742927631816345
0,0.2781140043123348
0,0.19380925394393306
0,0.038800585914302466
0,0.24026737825290576
0,0.1283634160016034
0,0.275596680270659
0,0.12564401691024366
0,0.16444317875681702
0,0.1041758253767684
0,0.17324352586591565
0,0.03139788556743317
0,0.13513585200180878
0,0.05575690801079214
0,0.23778964055551066
0,0.14156830149727895
0,0.2535378618820293
0,0.20193206297384725
0,0.08044619012523346
0,0.23696403608128835
0,0.1942063215616588
0,0.2390701271392204
0,0.4381857349260433
0,0.5376602101164896
0,0.12383976820352915
0,0.11987584990424086
0,0.12669928331632874
0,0.2445392495877033
0,0.2404041338611293
0,0.1477927428645056
0,0.07458699474463593
0,0.05638869227589782
0,0.3360536102507565
0,0.2762829484166326
0,0.2342289307632962
0,0.35459868106487635
0,0.1325161005999591
0,0.2839107320115373
0,0.16869389688646474
0,0.11046920918129588
0,0.2706812507397419
0,0.3000593286108326
0,0.2553501809770996
0,0.16585682533882762
0,0.18582838008532654
0,0.1638552570665205
0,0.4818452538267986
0,0.31080079582091924
0,0.18710866892659986
0,0.1921571251508352
0,0.4241275602095837
0,0.2954108968779847
0,0.1716368053410504
0,0.21239498902011567
0,0.2393692365369281
0,0.2963131992398081
0,0.06356962145985777
0,0.2888532216484482
0,0.2567628726765916
0,0.14391998624479452
0,0.3231991307960974
0,0.2880650935946284
0,0.30126994566337484
0,0.19492446651329864
0,0.16173121413669067
0,0.1628948788385134
0,0.3791362528462667
0,0.1818371910501171
0,0.09503315751617014
0,0.512070926862794
0,0.2606740197217142
0,0.4336703208249968
0,0.1287928497469103
0,0.3390468818110388
0,0.19119465723633766
0,0.11491939908749348
0,0.3561550241869849
0,0.3612286913636569
0,0.15683215051083954
0,0.2867044778289022
0,0.2474497451975539
0,0.161477356343656
0,0.33898050237346344
0,0.28238306013313497
0,0.236972824947254
0,0.18995917165601567
0,0.4885029939783586
0,0.5095240149546314
0,0.12331588123295754
0,0.16537940824354014
0,0.09264246837512867
0,0.06259382415462189
0,0.16200392310683787
0,0.1270025791348638
0,0.15062247418068553
0,0.27988991302412913
0,0.7253035937209387
0,0.26046700211795604
0,0.13664351282893006
0,0.10070896470868906
0,0.3395917816339312
0,0.1748766641359072
0,0.15814860769220296
0,0.3302746172490958
0,0.15793697334624626
0,0.22508100077912616
0,0.2314070044337092
0,0.15529107483657634
0,0.19423526364403798
0,0.06803879544541648
0,0.32767155605393483
0,0.15934457005681213
0,0.04785382103275604
0,0.3810912976796562
0,0.18220466858631856
0,0.15880171189437042
0,0.20075749303843526
0,0.21099024205594447
0,0.2896565335827905
0,0.17272204643971212
0,0.21366094173611816
0,0.073405567053202
0,0.2570489548348092
0,0.5122052173356753
0,0.15976984758634827
0,0.3015586629107192
0,0.3278563157529444
0,0.16196491186683235
0,0.2269500189939061
0,0.2629372795691361
0,0.295881086305992
0,0.467292653547751
0,0.19908035043123606
0,0.06519791725519541
0,0.19639787802825104
0,0.3776525015363822
0,0.34631415043730995
0,0.39153660350554703
0,0.3113481301713634
0,0.180379322251758
0,0.5845053818177532
0,0.3230148288043769
0,0.06193842275722605
0,0.3713384097492373
0,0.2274719122293833
0,0.28753085635803843
0,0.0770659092310313
0,0.2340345624330881
0,0.21426891475110446
0,0.12898967636598124
0,0.2741354059528661
0,0.13087873603846578
0,0.11345345265156515
0,0.3693003521577733
0,0.1721912179444287
0,0.12783834579828626
0,0.4190709433845572
0,0.1637504155168662
0,0.2512352590423983
0,0.6172358309094971
0,0.4070331031406248
0,0.3506933111395385
0,0.4763862462462606
0,0.2368087929648321
0,0.11757553751404225
0,0.12198293531263192
0,0.5296483015691912
0,0.13918824856345713
0,0.4880918522138853
0,0.13213662118525116
0,0.170038244208774
0,0.25478729102257136
0,0.1363595482465383
0,0.3098422228484541
0,0.1203723070589272
0,0.1620395054688325
0,0.07095866589932831
0,0.3570385267202919
0,0.33701202273368835
0,0.2390292480185225
0,0.3958106620891674
0,0.414534132122188
0,0.3152484144713428
0,0.8794177496755445
0,0.4274878940872244
0,0.16797763995222148
0,0.4726688736999357
0,0.6080632542033453
0,0.5922723746783025
0,0.2261076714541461
0,0.2595325805045463
0,0.04926668308876658
0,0.4270476698875427
0,0.3166333676592724
0,0.5204014538510426
0,0.3252961877230052
0,0.5915016926623679
0,0.20832634737362726
0,0.5186677811717665
0,0.2183830540727925
0,0.1777183792075595
0,0.460347879879378
0,0.3836595198592624
0,0.4265948848144429
0,0.09600453602301108
0,0.3450351770262461
0,0.16625966252507385
0,0.4161903868253166
0,0.20765612294545044
0,0.1590721216556188
0,0.1286613280708725
0,0.24032290159045044
0,0.0832470349363379
0,0.04686853370151002
0,0.4546467484654607
0,0.29536807516942154
0,0.4249412421439145
0,0.13344775663839806
0,0.3009271549211966
0,0.20437187318866312
0,0.05180436856037862
0,0.13291672274873068
0,0.10456641864132232
0,0.15348706374297272
0,0.40795824414974935
0,0.21142885330561045
0,0.5059918990811786
0,0.054473150420833234
0,0.06998613235112783
0,0.6161554383265005
0,0.12640551054799876
0,0.3559631608627938
0,0.3250380971947232
0,0.13993309840962698
0,0.4389978175026339
0,0.12893514053241628
0,0.4653364129968591
0,0.1759363300091511
0,0.4011711373522475
0,0.16171157803084402
0,0.7425734644403329
0,0.11908797476742715
0,0.542637353813326
0,0.09755571629550007
0,0.07320429344434998
0,0.15477133280522115
0,0.10886629046620544
0,0.2015388736853728
0,0.34889459690532165
0,0.17643914955693318
0,0.4314824417233467
0,0.3870805385144981
0,0.35274246818310506
0,0.17061537826383433
0,0.299235892054197
0,0.12050113404119335
0,0.22172006159215368
0,0.08254780962660503
0,0.3153075650334358
0,0.12824085676992258
0,0.18746788840036133
0,0.12331588123295754
0,0.15364554403601471
0,0.12382856816858855
0,0.15213267545442322
0,0.05000899047464935
0,0.06187382904258931
0,0.5779247130896594
0,0.12039133181443085
0,0.3513176012280825
0,0.11463292547174395
0,0.2983210054603783
0,0.1357138833484134
0,0.05755217494191345
0,0.32197038225225505
0,0.42684401028059626
0,0.2579825315121058
0,0.058473337340999236
0,0.1726077102326058
0,0.18365201756760885
0,0.1612965545138797
0,0.3425164484494442
0,0.06810726507289988
0,0.10793349388483407
0,0.2887887076751606
0,0.2051597769195969
0,0.4467646627611405
0,0.1690256370080484
0,0.3098631227338636
0,0.2144923733698355
0,0.18413389695657267
0,0.2551204550105173
0,0.08328032976872213
0,0.30791708746471924
0,0.4376123114614874
0,0.3683676303842584
0,0.5925960810603322
0,0.050217721913311975
0,0.3191315769343763
0,0.12039700069942992
0,0.14085771868357788
0,0.12483030074351542
0,0.2432447148335947
0,0.19410629691304385
0,0.07177232085047547
0,0.3082167022937053
0,0.2902931973740861
0,0.5353316829816714
0,0.5659139675868524
0,0.3034431652442829
0,0.12220690701458906
0,0.22987164436159915
0,0.3740670344716793
0,0.32899460136084946
0,0.5492407949389638
0,0.2046489038982907
0,0.3090199952995455
0,0.3596925626735429
0,0.5225063872498434
0,0.3150482258281192
0,0.15106577244964806
0,0.28927617842281184
0,0.11803610904796702
0,0.29398098346349355
0,0.43151298427098506
0,0.3116220235824585
0,0.2704915033804404
0,0.2995787436092222
0,0.1736622436626537
0,0.17620166169630513
0,0.4194210018660571
0,0.4194210018660571
0,0.5077214261164537
0,0.241648317390197
0,0.4128648485686328
0,0.2659293380943505
0,0.1417954274126001
0,0.5775364893111024
0,0.20563985850359945
0,0.22289504714914266
0,0.6336784217808697
0,0.09592387321833018
0,0.13169759350853993
0,0.2817370011597067
0,0.3183354674964338
0,0.5250032443452526
0,0.2602195868621001
0,0.23289227767570603
0,0.5241263476577964
0,0.217318328449855
0,0.3128446864115225
0,0.15192230005522034
0,0.17879292610529307
0,0.4008086456640346
0,0.20088615651066244
0,0.1289373467097411
0,0.25002762775968856
0,0.4842378072239257
0,0.2861662341936214
0,0.2571791104368262
0,0.2599433016132664
0,0.3026356270184388
0,0.22981914032149964
0,0.20931634548548106
0,0.2847092054985665
0,0.11426163203007468
0,0.2995794365132177
0,0.2624827075648952
0,0.27243479200311604
0,0.3015477902985908
0,0.2333601616524361
0,0.2889641966368701
0,0.2607552763578054
0,0.13500045924573334
0,0.3439492953790201
0,0.1781219525917156
0,0.3528164516429644
0,0.2136886389674368
0,0.3041660809839094
0,0.4147639830370207
0,0.30991934843965474
0,0.30845530351271505
0,0.08276099006871918
0,0.10244154366287027
0,0.186428068457423
0,0.15513972374233045
0,0.22586153528174835
0,0.20022670078921967
0,0.11934012818980864
0,0.18248473953556368
0,0.13384746860813446
0,0.13369476956290172
0,0.20401303832595408
0,0.2269401356980607
0,0.1763311270120982
0,0.6425253426706469
0,0.2160031980759388
0,0.1615767615872461
0,0.25094536792587585
0,0.1925634608880894
0,0.18660549779196045
0,0.1662079784515742
0,0.2689944183504259
0,0.1540935289215397
0,0.3129932074933439
0,0.04522225824562276
0,0.1149367835070636
0,0.16288092490789052
0,0.08168692202181428
0,0.24781970780443496
0,0.21431667538913526
0,0.265665021297094
0,0.3384409925422153
0,0.158171982378573
0,0.26519538502435425
0,0.3155279697195904
0,0.09621264000196716
0,0.12808013042888122
0,0.1908992561134132
0,0.28131130015527883
0,0.1995818937146986
0,0.26724294552931915
0,0.22629522471814545
0,0.2252401951197032
0,0.12123023738732208
0,0.1927744407911558
0,0.2037705972387984
0,0.25374425746299123
0,0.23377440426800694
0,0.13751512443697134
0,0.5587337818500158
0,0.1119757053014394
0,0.18704118358122326
0,0.168034735563639
0,0.18460444663022013
0,0.1119757053014394
0,0.18429826441648844
0,0.099873964850967
0,0.2556635630694596
0,0.06925229124120769
0,0.13358607324394026
0,0.08780608628247233
0,0.4646217098107209
0,0.06700123645163869
0,0.6734445148927939
0,0.21733153248960912
0,0.223659742522884
0,0.06456430054999683
0,0.1470102629548794
0,0.16579701127232727
0,0.18716017197112772
0,0.2313558938535484
0,0.18432063186490846
0,0.7019758983137641
0,0.16068346919240173
0,0.3207402539414328
0,0.5402143119356116
0,0.06397404541840424
0,0.5567440018057823
0,0.15945276899917704
0,0.3614289114201391
0,0.240933498820743
0,0.4763033096049283
0,0.2062833792454487
0,0.136532682019311
0,0.12152073834393473
0,0.3180332421451002
0,0.3965984550682273
0,0.28398040289411675
0,0.09290712105261313
0,0.2872031033039093
0,0.09565451499578116
0,0.4863484227979506
0,0.24738411726178344
0,0.05548988484047557
0,0.1921731620221525
0,0.20726356514402333
0,0.1089348809139149
0,0.4532892325439969
0,0.39232651990007705
0,0.5094861130456667
0,0.3457007488688907
0,0.10408392306920644
0,0.11925527050688454
0,0.29089865893931
0,0.6558056663017016
0,0.37184566380204376
0,0.17682390519090596
0,0.4260741512517672
0,0.4720683528764827
0,0.07047800276730509
0,0.1416670430350948
0,0.3383510483277811
0,0.2077478283160442
0,0.3825468622349404
0,0.23829226155538816
0,0.4107507277984877
0,0.07330073375959656
0,0.07130287627916078
0,0.4109131464281598
0,0.671621621460528
0,0.2336263890201981
0,0.3309149089697245
0,0.39680140123174
0,0.37373826833995616
0,0.22085051359357047
0,0.19465923953700714
0,0.12017608333278353
0,0.4695343761830717
0,0.31758647915479304
0,0.3529305533581489
0,0.3510681032328993
0,0.32875313227241104
0,0.12488278988245373
0,0.22705148643738515
0,0.2029202628780056
0,0.3300407095938116
0,0.11224976745811666
0,0.10085805203463584
0,0.2126573823593758
0,0.35968164334426056
0,0.08146481578414501
0,0.1848669285709793
0,0.15585829116202687
0,0.3780299066691786
0,0.5973986894697756
0,0.329162448241904
0,0.19951369794639384
0,0.44546707578607503
0,0.2232462667130135
0,0.09508893457618917
0,0.22554128959372235
0,0.051177788425136206
0,0.3659459122934857
0,0.5946194916158111
0,0.4901300566019239
0,0.1367049716614388
0,0.05741821269731263
0,0.4458599763142096
0,0.17151241648841553
0,0.16164054258449656
0,0.2545704334168821
0,0.262676794786711
0,0.20182128854700032
0,0.3927967053007435
0,0.15206258361404001
0,0.468885670239861
0,0.2269500189939061
0,0.21246997609331797
0,0.09574791225227153
0,0.3720340412613508
0,0.19899364500432404
0,0.4818415218913877
0,0.33262039882105754
0,0.4164797591196524
0,0.21654135149878428
0,0.12176031518626862
0,0.12437927722930907
0,0.2373539072436255
0,0.2330460790041331
0,0.3229430253441269
0,0.42074616132555787
0,0.2296094378909549
0,0.2604333283127965
0,0.1269036644213909
0,0.07074035019487945
0,0.4317737493563343
0,0.358777879863172
0,0.457142593892845
0,0.13362585692792328
0,0.16249587568076884
0,0.2357348932607753
0,0.11892605391708574
0,0.26852728788917124
0,0.2946567090379225
0,0.5023193415757772
0,0.2982443983893137
0,0.4285342916846275
0,0.10671640409005656
0,0.4844860968154829
0,0.062039966518814486
0,0.10883122521477773
0,0.41102566288129705
0,0.3158747642426878
0,0.33593183594780995
0,0.1421736478805542
0,0.3698146010975581
0,0.6279175855420731
0,0.08448199806986634
0,0.3619569600433916
0,0.19596049632575066
0,0.17612284180280324
0,0.32377989127023804
0,0.1505204721077068
0,0.3009875489247812
0,0.5540935840155627
0,0.6347151133861091
0,0.17562259210122594
0,0.5077660188481614
0,0.2384043694347948
0,0.7435600724373315
0,0.33364617170111555
0,0.6011565686077684
0,0.3790185185703071
0,0.3913037644044773
0,0.469016227770496
0,0.39132761753894185
0,0.5816470995746754
0,0.4228617790583018
0,0.31949459902338084
0,0.2276558819654826
0,0.17624713762386424
0,0.6233522722849975
0,0.03816142114433085
0,0.5023418060831122
0,0.4794853921677616
0,0.5093797419119526
0,0.09285928268690367
0,0.10397155361401067
0,0.11514616818041412
0,0.16484773602034594
0,0.5043676801629968
0,0.28975195175892604
0,0.19538817776216044
0,0.4352368229144329
0,0.1439623961577544
0,0.08102827136581002
0,0.3876721927443065
0,0.16702713676401082
0,0.41373775939683655
0,0.1381510109514803
0,0.1620145568976531
0,0.5033886911901269
0,0.14260725717286804
0,0.7712160294523109
0,0.3654339760541916
0,0.3179988973849529
0,0.2681253641038328
0,0.5016051415051963
0,0.1569679363353832
0,0.4763030679644765
0,0.2365056936805313
0,0.2428961653967161
0,0.2455939247801497
0,0.28111637363562714
0,0.1909249984734768
0,0.1659052380033441
0,0.4757850907138877
0,0.2646121841830176
0,0.15715862448151052
0,0.5583142177075953
0,0.26717899135641154
0,0.39169952031728383
0,0.2904101710867237
0,0.30536819007751104
0,0.2713005059474224
0,0.2999755514634622
0,0.2590649699842608
0,0.18237208997881094
0,0.12492239153062976
0,0.21892741715183128
0,0.3245167647664612
0,0.3418658295193234
0,0.8119125434675732
0,0.3326028098125715
0,0.4384715572200917
0,0.2363149052536165
0,0.12289026137944815
0,0.21029055843482147
0,0.3164732504535366
0,0.3096670758079838
0,0.15871800925280602
0,0.104345086458567
0,0.4268212948699255
0,0.7216013476655291
0,0.4509559559660989
0,0.18689322471618647
0,0.13947014228717702
0,0.1940710174070822
0,0.3856099701008281
0,0.2968597939691028
0,0.4398818942340644
0,0.25626285172797536
0,0.2705280829120327
0,0.30048522252488785
0,0.6344507762507812
0,0.03904342490273549
0,0.20110624142595235
0,0.13965850907403066
0,0.4490255890665827
0,0.3651420953305992
0,0.44782194978482015
0,0.5575401617868527
0,0.4420743967230255
0,0.22185373266001007
0,0.6681477097240653
0,0.4593424134560533
0,0.4384447130802516
0,0.4315382302612871
0,0.5723683463560568
0,0.17573533791142534
0,0.4976551953602482
0,0.3888348087265685
0,0.13640631695051453
0,0.17728044052381775
0,0.3618752650312476
0,0.2044129375670407
0,0.11941625943055025
0,0.3316109621444264
0,0.2709482857907141
0,0.32952334429766683
0,0.21393791485477145
0,0.2672983504630424
0,0.6044347841997404
0,0.13575245883013753
0,0.2936458539318394
0,0.3408040422442797
0,0.3158265078389967
0,0.4111689168053705
0,0.2504869055103611
0,0.21578444862687907
0,0.1943757662902007
0,0.3245167647664612
0,0.5587592463235598
0,0.2181375751624236
0,0.1838756558057424
0,0.3936602563874142
0,0.14858620190942606
0,0.16677489796200318
0,0.2380759683815209
0,0.10397155361401067
0,0.35028591913145946
0,0.2891233760762859
0,0.1639515596467096
0,0.18002256992700938
0,0.38168176636099815
0,0.4154623142770819
0,0.2440750461977881
0,0.6708333331185419
0,0.1993062774071822
0,0.3845203132242769
0,0.4297941097536603
0,0.23675289649415665
0,0.32478841293502503
0,0.3253084396993792
0,0.28736400674726514
0,0.31638606295392324
0,0.5145184325205313
0,0.3669243124691216
0,0.16685919826095166
0,0.19692794817524986
0,0.463807640848933
0,0.415685474268488
0,0.22481446330611765
0,0.3207159211506715
0,0.5069244812066491
0,0.4183133055229444
0,0.3749061694016328
0,0.1688160123051824
0,0.17425892401385956
0,0.26116695839005544
0,0.35923501526987234
0,0.13658468465547302
0,0.15842601576366944
0,0.2230984890783156
0,0.2186419659772435
0,0.2171258394782608
0,0.2348440176731831
0,0.2785047816263663
0,0.3503447905988306
0,0.19535473714003693
0,0.12308207557008075
0,0.222267429570894
0,0.24775946704117024
0,0.5669603774676452
0,0.5127443695390547
0,0.17353855234545634
0,0.3709368423835652
0,0.5069244812066491
0,0.4765950715219652
0,0.2378397394676465
0,0.3600209210370038
0,0.2178821136822572
0,0.41048372234847097
0,0.2079262693186064
0,0.19959683676023746
0,0.46891585908628797
0,0.4201711412217166
0,0.15849900406760142
0,0.35727092986171305
0,0.20911948423127869
0,0.3789931211519886
0,0.3812570861867957
0,0.2989411398365691
0,0.4178295375124829
0,0.4226858462836292
0,0.5076398434671197
0,0.32263285183423274
0,0.3932433398188772
0,0.32738445517984593
0,0.4233931895043399
0,0.2562677320596334
0,0.2667916231864208
0,0.39872288865012095
0,0.18363738341911412
0,0.12304904170938435
0,0.2801907046421154
0,0.2881943476763932
0,0.4252811299787985
0,0.1963254334153356
0,0.388734837037486
0,0.152129632395667
0,0.17003676698014547
0,0.3554327979281142
0,0.3516300634757893
0,0.07832934727539886
0,0.4863955885977358
0,0.1937072518709544
0,0.140020265772536
0,0.4829533323645592
0,0.2641725191796148
0,0.489382556161365
0,0.14070034188193248
0,0.12152746722504905
0,0.07067109443045949
0,0.4147892183548695
0,0.2548422281806534
0,0.3595748187319653
0,0.4747802790355038
0,0.35092973870200084
0,0.2592921945694331
0,0.486729654307301
0,0.5705185804415394
0,0.13484291289303751
0,0.2421118923135705
0,0.4876799937841054
0,0.3576625134493854
0,0.2194612533659548
0,0.44129837827908025
0,0.15572147836556305
0,0.14309858792536967
0,0.2318896119659012
0,0.28340290446539185
0,0.5065465706425745
0,0.16589540202875394
0,0.3185569523154078
0,0.21537607424968
0,0.32600854699676096
0,0.3480372916202288
0,0.4400397700232428
0,0.19971534045966896
0,0.2756896679465836
0,0.2397757172584533
0,0.2139942049980164
0,0.2955293510411237
0,0.2028373592608685
0,0.5801848018088857
0,0.3207270937996942
0,0.4951597335370811
0,0.4300570246335622
0,0.4231903977893494
0,0.25343506159009155
0,0.1625943586633012
0,0.4212564552152479
0,0.4376028204286421
0,0.4839876626391668
0,0.09168827533721924
0,0.4185957701222317
0,0.17569589292680898
0,0.3876061959041132
0,0.3205666284303408
0,0.5321051913338739
0,0.4661387799156679
0,0.3315796950781668
0,0.19105559788845689
0,0.4601019210106617
0,0.4057334764180957
0,0.4061770837854695
0,0.3235099633803239
0,0.4024503531085478
0,0.33972260033762136
0,0.6076488277396639
0,0.44959238513901423
0,0.379807631308968
0,0.26768851300349106
0,0.32760008927938106
0,0.15134331181242655
0,0.4240511567205996
0,0.23343850833338664
0,0.20522661990410573
0,0.32549714216509384
0,0.4258294327033533
0,0.4550044997721106
0,0.4760925423454594
0,0.169627640295673
0,0.3836473860853428
0,0.3527942899916623
0,0.21801447948893984
0,0.5616919652030274
0,0.4070600096035648
0,0.3621811004909309
0,0.22313210770890524
0,0.5610308609902859
0,0.37328623678233175
0,0.4381638543831336
0,0.31165131040521565
0,0.4578867667430157
0,0.2858590387009285
0,0.2866135392640088
0,0.4674753800437257
0,0.4621718058714995
0,0.2484357453681328
0,0.2952499872929341
0,0.2243206633909328
0,0.3207239146168167
0,0.4179203502229743
0,0.3413468054621607
0,0.1791912897213085
0,0.35479187965393066
0,0.5742222358648841
0,0.12397998571395875
0,0.4302700308931841
0,0.3064314320280745
0,0.3780168987609245
0,0.6568353212866429
0,0.2274401936982129
0,0.6483531314376239
0,0.2433625012636185
0,0.4068435114380475
0,0.21276199012189295
0,0.20665029577306804
0,0.24687068607356105
0,0.7593903789246405
0,0.3774328444253754
0,0.5617943313476201
0,0.30736458382091003
0,0.2482967896235956
0,0.4359985461106172
0,0.34656100700030457
0,0.5513110879707981
0,0.13673822581768036
0,0.380039506063268
0,0.6510504965443868
0,0.5592953424800087
0,0.4026610416335028
0,0.3962735392757364
0,0.42272206939555496
0,0.4303140297934816
0,0.351577623571093
0,0.3041390306442171
0,0.21494125594963892
0,0.2301521752331708
0,0.1527695438346347
0,0.3109402382695997
0,0.12217650059107188
0,0.7273360744521424
0,0.3767338376995679
0,0.43261005850257095
0,0.1880073740675643
0,0.3213782608509064
0,0.5196161535946098
0,0.4790719715324608
0,0.1921514369346
0,0.4443792543701224
0,0.40688986593001597
0,0.10580492422387412
0,0.5078766999413838
0,0.3367637883167009
0,0.3630191264925776
0,0.32188935859783274
0,0.32210904762551595
0,0.3932604519902049
0,0.376557828606786
0,0.4351830091830846
0,0.2214299053759188
0,0.4339706996405447
0,0.4179951178060996
0,0.365138870236036
0,0.5335575040127779
0,0.3896317520254368
0,0.3849036053225801
0,0.3888348087265685
0,0.4586298425455351
0,0.6191127171387544
0,0.17955941042384582
0,0.2540612156326706
0,0.5100746535368867
0,0.8342572198929014
0,0.3972060752881539
0,0.29510242270456777
0,0.5614312955656567
0,0.19568504030640066
0,0.3208784791263374
0,0.3710751887914296
0,0.557868886235598
0,0.4187375576914968
0,0.4443563339678017
0,0.4127740727083104
0,0.6183633590872224
0,0.26249975771517364
0,0.4674129655232301
0,0.2575567864082955
0,0.5853245161675118
0,0.4944511082124066
0,0.2394206950793395
0,0.3770993279444205
0,0.2006738181855228
0,0.10976657754666096
0,0.28258930025873963
0,0.8050209414717313
0,0.4061395167498976
0,0.2511520889159795
0,0.4917783451241416
0,0.2483768132892815
0,0.30736917237172257
0,0.40758445134034027
0,0.14236528647912516
0,0.6222693597948229
0,0.18036684716070012
0,0.3335644171850102
0,0.5545608900688791
0,0.17184791572996086
0,0.29962695490669555
0,0.09085666327863128
0,0.2682570573445913
0,0.2925162202603108
0,0.34013360577660634
0,0.407255568617099
0,0.4782997617447698
0,0.2020684013495574
0,0.11089666147489807
0,0.11089666147489807
0,0.4330844850959005
0,0.4631697309983743
0,0.2425593137741089
0,0.1255021739650417
0,0.2501259844850849
0,0.2670237768340755
0,0.39395592744286
0,0.5886108710153684
0,0.18347869048247467
0,0.5492004496422973
0,0.35534493987624705
0,0.29788289199004303
0,0.3051384381345801
0,0.4515813923365361
0,0.3718566499851845
0,0.4585225485466622
0,0.28975474532391576
0,0.4327213893065581
0,0.05778855568653829
0,0.4775845589669975
0,0.2493670478060439
0,0.3094998839739207
0,0.30977559713898484
0,0.1739069771122288
0,0.3102325188952524
0,0.07446816160872173
0,0.20175750352240893
0,0.2142501674793862
0,0.3566834004344167
0,0.7142333082250647
0,0.44474101348503214
0,0.36400116859255616
0,0.4283843096849079
0,0.2069383134713044
0,0.3984814570159525
0,0.594754238386412
0,0.4260418688928759
0,0.6506631728765127
0,0.3363388988214571
0,0.29646831952236796
0,0.575900330636147
0,0.5385404432544837
0,0.27362196268262085
0,0.4856356515272243
0,0.1775658791129654
0,0.4471890886087675
0,0.4455696312156884
0,0.3960075978491757
0,0.33106349126712703
0,0.3862073041901395
0,0.31071661251622273
0,0.18107508968662567
0,0.3738823851218095
0,0.4122045587848973
0,0.3833175273360433
0,0.31710205005632863
0,0.4321476873513814
0,0.43774230536576864
0,0.13207327997362295
0,0.29667594303955896
0,0.5200830182513675
0,0.2323496067846144
0,0.15159295136864126
0,0.4035494923591614
0,0.3638057692630871
0,0.19890492792065084
0,0.21183420314982127
0,0.3219387438651677
0,0.2972358062460616
0,0.5456441604607813
0,0.451541463668282
0,0.0826551817558907
0,0.7600973965348424
0,0.3961362097714398
0,0.2419069405343081
0,0.3087646832337251
0,0.21871649494042267
0,0.384302327761779
0,0.5063874241266701
0,0.20743070180351675
0,0.3137440012918936
0,0.5843720295139261
0,0.4360990423608471
0,0.5468421250179007
0,0.08858091927863454
0,0.03188140327866018
0,0.2199653056827752
0,0.3070753567122124
0,0.4772884042279141
0,0.32983757636031585
0,0.5768950414415952
0,0.5936690367556907
0,0.3101046069248302
0,0.4127847020690506
0,0.141777025686728
0,0.3420949034594201
0,0.2050334303765684
0,0.4401494427709967
0,0.14657874204017018
0,0.2116034578632664
0,0.4792967960238457
0,0.4205604493618012
0,0.3754027425437361
0,0.24130776605090576
0,0.2953402154348992
0,0.3427240439766163
0,0.661200099901573
0,0.4239526858200898
0,0.39575403526022623
0,0.20574659350756053
0,0.495491245912539
0,0.2596925166813103
0,0.1345989059757542
0,0.3745279134930791
0,0.3328796319059424
0,0.5179181058664579
0,0.16646279958454335
0,0.3912345148824357
0,0.1808668238085669
0,0.2711806997052721
0,0.3934708257784715
0,0.2986122587242642
0,0.7338631123908468
0,0.4723584982188972
0,0.5805630712090312
0,0.2384327199008014
0,0.2915141187809609
0,0.5580146022745079
0,0.3033139121693533
0,0.272197341596758
0,0.15112661751540934
0,0.5852818799179953
0,0.18487366631224345
0,0.17386502349698862
0,0.15566700374757925
0,0.5747194513678551
0,0.3606685883290057
0,0.4237780802555986
0,0.2521927409075402
0,0.66365620211975
0,0.3205443177674268
0,0.25209859819025604
0,0.41532344501968976
0,0.4357043097953539
0,0.4029858748655062
0,0.20946582587989604
0,0.1991086344461184
0,0.16988961116687673
0,0.3438867272154705
0,0.17793046864303386
0,0.15914263435312215
0,0.444739156075426
0,0.122422484932719
0,0.3916257700404605
0,0.4386520800558297
0,0.4355245981667493
0,0.3696471490972752
0,0.4213264193889257
0,0.4799934045688526
0,0.5009136391249862
0,0.2171489080867252
0,0.18118817379345764
0,0.46291704153692403
0,0.307083696932406
0,0.0615114038055008
0,0.21346681585183014
0,0.12539564596640096
0,0.4865231546195778
0,0.4044784818952149
0,0.2748982922450917
0,0.2796782690125543
0,0.5270591600722558
0,0.20401303832595408
0,0.189794165057105
0,0.5470827221870422
0,0.4556389451026917
0,0.19482088411176526
0,0.16123238850284272
0,0.2290865964180714
0,0.4970435894824363
0,0.5740103743769027
0,0.19683949931247813
0,0.536010093785621
0,0.14784302340971456
0,0.5607425332874865
0,0.2417236538352193
0,0.1762126466712436
0,0.1997540983799342
0,0.27090707058842123
0,0.4112046433461679
0,0.4795261577174471
0,0.5498476039517571
0,0.4960520513154365
0,0.2328900026308524
0,0.38152423420467896
0,0.32712511839093383
0,0.3129348460886929
0,0.478872719648722
0,0.15967164329580366
0,0.5036663002259023
0,0.5300119859544006
0,0.16458782795313245
0,0.42275093364957217
0,0.3656330090519544
0,0.5729678385966532
0,0.6306698066559997
0,0.12877946125494466
0,0.4427411167605503
0,0.3927123369397344
0,0.5566958203106314
0,0.5684922297258634
0,0.3900927776420439
0,0.4107980309305964
0,0.2113805115222931
0,0.3632549830787891
0,0.16735450963716247
0,0.2602795241652308
0,0.3320129463398779
0,0.285035672622758
0,0.3663492488699991
0,0.5036571837357573
0,0.2183571618956488
0,0.6294347019614399
0,0.3298899305833353
0,0.4049686195479857
0,0.2011937277542578
0,0.4380758239610775
0,0.23798848608055634
0,0.1509131080395466
0,0.6306449609833795
0,0.24594679998384936
0,0.1832066452181017
0,0.4857217194260778
0,0.3864812174358884
0,0.27084145352647115
0,0.19656695868517904
0,0.4941123015171772
0,0.6385756933407203
0,0.6198319510833636
0,0.4567776596223986
0,0.3570653280696353
0,0.5530146502361104
0,0.12485618687964772
0,0.12485618687964772
0,0.3423401089133443
0,0.3292846454156412
0,0.20406804696933645
0,0.3703562419962239
0,0.6274929060726553
0,0.6261781925285185
0,0.3497921276736904
0,0.40326222132992096
0,0.33128206794326365
0,0.22279119249936696
0,0.4997101905378135
0,0.4199426746046221
0,0.7269610235014478
0,0.4003916540862741
0,0.5324169767869485
0,0.2219907069528425
0,0.4822912384328004
0,0.1752631664276123
0,0.5175886353528177
0,0.4458906137057253
0,0.589806051874483
0,0.3891498905581397
0,0.2342571398696384
1,0.7398532931063626
1,0.8717101029044874
1,0.7220426306531236
1,0.6045650186369548
1,0.6403362197247711
1,0.7015697120411977
1,0.6256783897610936
1,0.5707395773481678
1,0.43870862432428304
1,0.6847971142143816
1,0.43870862432428304
1,0.6827431858794109
1,0.5249592853156295
1,0.7879516538735982
1,0.4923723189009202
1,0.7520310874726321
1,0.4593257165035686
1,0.5542721740297369
1,0.6441646447858295
1,0.5211488956937919
1,0.5564546599178701
1,0.30220661976852936
1,0.5228086508609153
1,0.28950676483076976
1,0.6115494269776989
1,0.7687866125960607
1,0.5458176987799439
1,0.5713049200539653
1,0.5628860721717011
1,0.6457841911831418
1,0.44397501607198975
1,0.8033722066194624
1,0.5622681056124132
1,0.6194437854998821
1,0.4026434163789492
1,0.5736125557607896
1,0.33277050385604034
1,0.26103353520502914
1,0.5834077500008248
1,0.20710111792023125
1,0.7037627449309504
1,0.6633117282511415
1,0.5055912503519574
1,0.32766463305499105
1,0.06199638183052481
1,0.20685997524776972
1,0.6071009039878845
1,0.1883176524896879
1,0.6427886639092419
1,0.5488016472474948
1,0.3455340264214052
1,0.6405297690952146
1,0.4469126680412808
1,0.09000953307022919
1,0.5762092159003824
1,0.4728423357009888
1,0.21436407517742465
1,0.38511544909026174
1,0.3336699222390717
1,0.26694265330159983
1,0.09850107979130096
1,0.6426072365327462
1,0.32571320396822856
1,0.4616466788826762
1,0.11441200166135225
1,0.5020428175056303
1,0.5526832340134157
1,0.4535872452967876
1,0.2542719534925513
1,0.6868916508313772
1,0.6822945200712294
1,0.7147994767371062
1,0.6004173018642374
1,0.3962838464492077
1,0.4542447078872371
1,0.6492277275066118
1,0.7441825234406703
1,0.6242496427651998
1,0.4490356090906504
1,0.4015265725351669
1,0.0613945480939504
1,0.5482927599066012
1,0.3855884864523604
1,0.2199187451923216
1,0.6653924173599965
1,0.5370023071363166
1,0.5843485722670684
1,0.2126104316195926
1,0.665441412780736
1,0.3138462385615787
1,0.3138462385615787
1,0.2734552847372519
1,0.5215006551227054
1,0.4743189457300547
1,0.23761191158681305
1,0.483479726153451
1,0.7314068731423969
1,0.2565241770164387
1,0.3947717921959387
1,0.6498219982997789
1,0.5767648525133326
1,0.2964186024021458
1,0.34574574554288706
1,0.43431680589108856
1,0.4717037291140169
1,0.5223577427300248
1,0.63863215172613
1,0.4474075154678242
1,0.1985700162681373
1,0.4191157109028584
1,0.2667369335084349
1,0.3019514293284029
1,0.2245803249848856
1,0.35969237278442123
1,0.5386670368748743
1,0.5966179928666837
1,0.5966179928666837
1,0.5966179928666837
1,0.5438895255729959
1,0.4635545675818985
1,0.6275017571610373
1,0.3285310077103408
1,0.6301418208592646
1,0.1011427761735143
1,0.2775122821331024
1,0.6061967869062681
1,0.4946072874842463
1,0.15491434851208252
1,0.1282224349073462
1,0.5781475998259878
1,0.4798832527689032
1,0.6333371922373772
1,0.5341786061589782
1,0.2712620980030781
1,0.3420826905482525
1,0.2906205009769749
1,0.577285839093698
1,0.4206804937204799
1,0.3436256602809236
1,0.3275221940633413
1,0.3594666566397693
1,0.4901251873454532
1,0.3765989329565216
1,0.4444293033432316
1,0.303587663616683
1,0.5449946756298478
1,0.675128259972946
1,0.7928437467765164
1,0.4766522221065856
1,0.32871865219361074
1,0.4514927074715898
1,0.5129044493912039
1,0.5307089706530442
1,0.18442537655701507
1,0.262040194627401
1,0.7587975372333784
1,0.24324065205213186
1,0.8144429765037589
1,0.13820153152620476
1,0.5402439440021644
1,0.5586645639426
1,0.4032763210502831
1,0.4093537151410773
1,0.25560877854759634
1,0.12649644146094452
1,0.5699964141523516
1,0.40855727324614655
1,0.14602959075489566
1,0.25757069785047226
1,0.611570688518318
1,0.33118861188759674
1,0.31274742814334666
1,0.6056669045340369
1,0.5383256254465999
1,0.4790193529145138
1,0.27179527927089386
1,0.1650091808389973
1,0.5072265621778127
1,0.5305175616129025
1,0.5414378701432332
1,0.2952219859973805
1,0.18654371516124624
1,0.5563252805858045
1,0.2441047538776655
1,0.5574291612248163
1,0.5627597735540286
1,0.3055226891427427
1,0.5569059651445698
1,0.6156533106758788
1,0.2670347138836577
1,0.317736925305547
1,0.274765250247878
1,0.2402958926316853
1,0.5844609167527508
1,0.2396363833466092
1,0.4263646385154208
1,0.6995881389121752
1,0.262609456036542
1,0.3596271711426813
1,0.5004223995917552
1,0.6058602522353869
1,0.5317898259775058
1,0.4738277188829474
1,0.11059855126045848
1,0.4750559055120558
1,0.5133941127239047
1,0.5060274278795397
1,0.16501337893911305
1,0.3722394743078464
1,0.4381536648080155
1,0.3994816769216512
1,0.4744229702329314
1,0.444834119162044
1,0.3530335746504165
1,0.3530335746504165
1,0.4417109582069758
1,0.12455980358897036
1,0.6978821426227286
1,0.4648176572612814
1,0.4986826033406967
1,0.2461866945833773
1,0.18132183036288696
1,0.2607314123495205
1,0.6639470329155793
1,0.1479767713997815
1,0.1867766267544514
1,0.3421223332753053
1,0.2336718146059964
1,0.5626037349370685
1,0.4200346115473155
1,0.19544021825532654
1,0.21230358288094808
1,0.2313693028849524
1,0.2762367578374373
1,0.2326626485666713
1,0.4865697428986833
1,0.4310135482936293
1,0.6057831204018077
1,0.4245105200522655
1,0.2142572112985559
1,0.5061798206454999
1,0.5186228598090443
1,0.4401450406860661
1,0.16413322816023956
1,0.4842174157903001
1,0.3135130276551118
1,0.3562331372821653
1,0.42882782865215
1,0.5896001607179642
1,0.5683194592192367
1,0.3644080029146092
1,0.3872789603632849
1,0.3694872034562601
1,0.5104908280678697
1,0.7176812041450191
1,0.2666080263820855
1,0.537451637757791
1,0.2539069596174601
1,0.4628868243984274
1,0.5541737276960064
1,0.32750829611275645
1,0.4496161802797705
1,0.4745579311573828
1,0.392951534809293
1,0.5761839155409787
1,0.7652847210096346
1,0.4557050353771931
1,0.5534615536799302
1,0.6381704364273999
1,0.4939725431236061
1,0.4403473807347788
1,0.5344165201122697
1,0.288464321075259
1,0.5090092348085867
1,0.5530055630448703
1,0.5748440752158294
1,0.7225338772342011
1,0.5630840133573558
1,0.5982210793205209
1,0.30763816712675873
1,0.2371703257431856
1,0.4671701758697226
1,0.5162433677831212
1,0.6073359643688073
1,0.373496600099512
1,0.36790412744960266
1,0.510664491234599
1,0.5249252476402231
1,0.2988778300381996
1,0.5594052859657519
1,0.5578037065428656
1,0.6801932272878852
1,0.2721281454369828
1,0.2592685850890907
1,0.44450667983776815
1,0.8250117442897849
1,0.6434015901507558
1,0.6080031280179281
1,0.7157811181166688
1,0.5897242797387613
1,0.6545656665756896
1,0.8160198481904494
1,0.31078678208428456
1,0.40175940051070747
1,0.5685318130496386
1,0.4308562961381833
1,0.599685562573172
1,0.2303323028860865
1,0.8376767530634597
1,0.8153026002283033
1,0.5685318130496386
1,0.09229099106144256
1,0.3721966487733094
1,0.4278487184563199
1,0.2300390278970873
1,0.33783713708052765
1,0.4911610645216864
1,0.8941874174854242
1,0.8393774300410941
1,0.8393774300410941
1,0.55277243659303
1,0.9015598740126636
1,0.6084894754395291
1,0.4270941655378084
1,0.8470200202553659
1,0.8739998863154166
1,0.6580090953691586
1,0.7007477061470618
1,0.4535225310639756
1,0.37879140473700856
1,0.7897849181616629
1,0.5229617453910209
1,0.5207246493648838
1,0.34723086494046285
1,0.4575760388696516
1,0.5864189347705325
1,0.5861045202693423
1,0.5375977102163676
1,0.5881819729063962
1,0.4889610588953302
1,0.751333136916966
1,0.751333136916966
1,0.3806155586766229
1,0.8333333323936205
1,0.5658336788214542
1,0.6274852430498278
1,0.35933177978605835
1,0.6922932653813749
1,0.633980024505306
1,0.6042835082154017
1,0.6329717672354467
1,0.7455301457965696
1,0.13401136043909434
1,0.2398524634741448
1,0.7794639602605555
1,0.5132539074968647
1,0.2094305197934847
1,0.5916732482209399
1,0.20012879532736705
1,0.542754562118569
1,0.5175740086549037
1,0.5585569129199595
1,0.6324120522350878
1,0.32042027405790385
1,0.7122009116652851
1,0.8470200202553659
1,0.1728054426006369
1,0.2951195360840978
1,0.5591495037078857
1,0.3993081410188932
1,0.3993081410188932
1,0.3846748687729642
1,0.15018645492759908
1,0.7918918914086109
1,0.4845611445001654
1,0.12156400809416901
1,0.2579354353853174
1,0.8297387627330987
1,0.3385984889558844
1,0.42198037617915385
1,0.7553918932539385
1,0.4618862075982867
1,0.5283844362239579
1,0.3814051916470399
1,0.19010218655740896
1,0.5345693838757437
1,0.4241174076860016
1,0.501919457839953
1,0.6569201444854608
1,0.6569201444854608
1,0.6678695555877041
1,0.6032638156132117
1,0.2776948463272404
1,0.8502672540174948
1,0.6819133452467017
1,0.17593973391764872
1,0.4923992495279055
1,0.2614321527448861
1,0.5673357074123782
1,0.3646273065257717
1,0.5979395605422355
1,0.4227611231240066
1,0.4227611231240066
1,0.2906511615257006
1,0.23549186579279002
1,0.5082471104892525
1,0.29663435309319885
1,0.0991485344397055
1,0.24525178163438235
1,0.7190648436143592
1,0.7913999803162909
1,0.2854801670119569
1,0.8941874174854242
1,0.7550468994556246
1,0.5151654916840631
1,0.8235038935735419
1,0.3168781484301025
1,0.6905821719886484
1,0.36074331241684987
1,0.1298421081658956
1,0.8512438540724484
1,0.8655340064417671
1,0.6934224367141724
1,0.3889935486824125
1,0.8311450560954777
1,0.4870409313085917
1,0.8229559452549832
1,0.8393774300410941
1,0.8393774300410941
1,0.6742664115453089
1,0.8003304785973318
1,0.3951626770399712
1,0.4812682504589493
1,0.5418868221946664
1,0.3973117462686591
1,0.4453166767552093
1,0.27320017524667684
1,0.4258334713207709
1,0.23549186579279002
1,0.5279949158430101
1,0.5248548485137321
1,0.4622377451207187
1,0.8512438540724484
1,0.7574519611693717
1,0.6280456290051744
1,0.7003108375781291
1,0.5834725368264561
1,0.7557642795145512
1,0.6532014260018194
1,0.33081503091631714
1,0.3954626136534923
1,0.4378945960386379
1,0.27812823693494537
1,0.1985706107036488
1,0.6401478398490597
1,0.6940806582570076
1,0.4909102751596554
1,0.8659504736597474
1,0.889553628257803
1,0.16478886717074626
1,0.4343145650786322
1,0.3312985897064209
1,0.3282870622100057
1,0.7216758311197564
1,0.27605516362834626
1,0.5673686932470348
1,0.7748548779133204
1,0.6244588219938245
1,0.6763974858095517
1,0.8392045426408987
1,0.4615418089402689
1,0.741417928623992
1,0.26553079123432577
1,0.7262578327712175
1,0.4600989560823183
1,0.3903806676735749
1,0.4540271436845934
1,0.5625664595816586
1,0.5726662560089215
1,0.8615177676484391
1,0.5666490418685449
1,0.6555956866894219
1,0.6343426454711605
1,0.4709541040497858
1,0.6545909079345498
1,0.13808628272365875
1,0.7404625152011175
1,0.546548164072069
1,0.3501719820338327
1,0.9133748371858854
1,0.8408550789227357
1,0.6254524032811861
1,0.6136806317277856
1,0.3570145996841224
1,0.6991517442102368
1,0.5280833175858936
1,0.4676382508430932
1,0.5318191905279417
1,0.5760861840602514
1,0.15298213588224874
1,0.17204817404618133
1,0.5959429477114935
1,0.17410938119566122
1,0.5779480637126677
1,0.4889723010159828
1,0.4864684693716668
1,0.1129495332369933
1,0.5492486121082628
1,0.3480851660306389
1,0.7597038749907468
1,0.19754988841108376
1,0.4501424161969004
1,0.2565146877958968
1,0.7466474137193448
1,0.6146974628036086
1,0.8757431861013174
1,0.6923146920429694
1,0.4091941923708529
1,0.7434056997299194
1,0.8418708154679956
1,0.9076528961996776
1,0.5340097526440749
1,0.6938673652507164
1,0.5962290179890555
1,0.8469813273766557
1,0.5643861668335425
1,0.6287568092748925
1,0.262866031076457
1,0.4720737966331275
1,0.8278897701687105
1,0.6510189614585928
1,0.827832883072866
1,0.3096100905457059
1,0.3742547236584328
1,0.5645520002455324
1,0.4437239765114075
1,0.516616277598046
1,0.5056377323092641
1,0.4266858950660035
1,0.6012397627975489
1,0.7044747710429333
1,0.7523948441486101
1,0.8604402376993282
1,0.7287499179711213
1,0.7096365122376261
1,0.7252673277178326
1,0.5800979433430208
1,0.20548270179613207
1,0.4107921365145091
1,0.3556705703203743
1,0.6646398650230588
1,0.4663955343736185
1,0.6078272254483119
1,0.5109263779343786
1,0.3636464462489695
1,0.25590924314550456
1,0.5000418887750522
1,0.5301744655982867
1,0.4312072537235312
1,0.6965515756526509
1,0.34430961190043274
1,0.7318394539525379
1,0.6166315276075054
1,0.7278494691929301
1,0.7300569421133479
1,0.5890788206377545
1,0.6822841058711748
1,0.836303519437442
1,0.6868051689218829
1,0.3717316513931429
1,0.7942141717350161
1,0.7455301457965696
1,0.5062279973078418
1,0.32275313380602244
1,0.5222280871223759
1,0.6122318002823237
1,0.7207200626867849
1,0.823864641624528
1,0.516616277598046
1,0.640814063516823
1,0.5819922858295408
1,0.5269752044130016
1,0.8184583352224247
1,0.4186654417095957
1,0.836303519437442
1,0.38758960768983175
1,0.678588965655984
1,0.250906294262087
1,0.4912939268994976
1,0.479907667113317
1,0.37454894023972585
1,0.617292867520371
1,0.4785157329327351
1,0.8342003208157178
1,0.4997664200695785
1,0.4165926531359956
1,0.3736938810026323
1,0.14103097851211965
1,0.2193999838184666
1,0.6474531480186694
1,0.6936723888927214
1,0.2597505264991039
1,0.17613982348828705
1,0.4459300077444798
1,0.17253967072512655
1,0.597645122658562
1,0.17839333898312335
1,0.5720448580545348
1,0.17839333898312335
1,0.15469367359135594
1,0.5836825525841197
1,0.4073582549352903
1,0.6495366652269621
1,0.4462451234057143
1,0.508998393206983
1,0.7959790027423485
1,0.2585007193926219
1,0.5683205484135732
1,0.7431666480528342
1,0.7044747710429333
1,0.4348582079684412
1,0.7456061858180407
1,0.6636375742586884
1,0.4279880765322093
1,0.6525905059801566
1,0.3674625093872482
1,0.3290582307287164
1,0.6894881481657157
1,0.8188190367576238
1,0.3903853007265039
1,0.17657419716989675
1,0.2363069367569845
1,0.8534908858505456
1,0.7135483235926241
1,0.1851921862847096
1,0.454300572743287
1,0.37123606877552495
1,0.6228151845972281
1,0.5917777068711616
1,0.3929781265355445
1,0.8383420355416633
1,0.6222541370504611
1,0.9486377939984604
1,0.4914395257427886
1,0.4410316859548157
1,0.4623938879451236
1,0.5693623953171678
1,0.4546453956816647
1,0.8941430880411251
1,0.6032507860580006
1,0.2904967146145331
1,0.9411131844327256
1,0.4193596421061335
1,0.6600279707360912
1,0.750538898279538
1,0.315224355137026
1,0.416822542008516
1,0.7810336623240162
1,0.5323160226280625
1,0.4785385864811975
1,0.28953626671352906
1,0.416822542008516
1,0.2904967146145331
1,0.8068856335169561
1,0.9216107669714336
1,0.2150236344015276
1,0.6229399410454002
1,0.4766832895174221
1,0.7752595574066445
1,0.8088125167666255
1,0.5468564720169917
1,0.5762451681736354
1,0.2986188647714821
1,0.5627737789339311
1,0.8759976866076121
1,0.3368579648636483
1,0.5069346941403441
1,0.5683249158633722
1,0.6799208464453349
1,0.7617150345766867
1,0.6766960739686683
1,0.7491874099784606
1,0.678632998788679
1,0.6145008043260187
1,0.5265789701527841
1,0.3383581314135242
1,0.5758861422136023
1,0.5648042897920351
1,0.4714676167916607
1,0.5980479354793962
1,0.7774947271556467
1,0.8176142738477604
1,0.33799542043660136
1,0.5292257982734088
1,0.8474737864893835
1,0.5623926538470629
1,0.4797353877409084
1,0.4462905816129736
1,0.09958300075015504
1,0.80800131406333
1,0.4162855619514311
1,0.7540460558155099
1,0.2813280981940192
1,0.6932629330738171
1,0.8346472501352027
1,0.3332468843137896
1,0.6270734820816968
1,0.8415066162879403
1,0.437359248464172
1,0.6613166998769786
1,0.9163642710427174
1,0.2708211476738388
1,0.14442345419445554
1,0.9093609705970094
1,0.27210664326274714
1,0.4494344964623451
1,0.6720032144237209
1,0.3540429054079829
1,0.6014052379775692
1,0.9124637897554282
1,0.6270734820816968
1,0.4801681331686072
1,0.6760130444088498
1,0.5036843652660783
1,0.4841939359903336
1,0.4890182185414675
1,0.6475221824807089
1,0.5130265067155297
1,0.5683205484135732
1,0.437359248464172
1,0.5306513371902544
1,0.560787782677122
1,0.5114525975407781
1,0.6675740403903497
1,0.6720032144237209
1,0.5197884279328424
1,0.6740666181855911
1,0.6890262065304292
1,0.4385607065381231
1,0.8819152300019522
1,0.5849287457562782
1,0.7507003479309984
1,0.6720032144237209
1,0.9514369163158778
1,0.8033057834852386
1,0.8328447805063145
1,0.5994125080571786
1,0.6177727418976862
1,0.2696521765476948
1,0.8912259517489253
1,0.564978062250727
1,0.4797152453983152
1,0.6941561066621058
1,0.5866523418273475
1,0.8486969257528718
1,0.7452523470730394
1,0.2804463481580889
1,0.2585007193926219
1,0.7583430604757491
1,0.7795455133592759
1,0.6675740403903497
1,0.5761841883933222
1,0.8054752086062689
1,0.6708611211663968
1,0.4239969853613828
1,0.4239969853613828
1,0.38068633244649785
1,0.4182399503282599
1,0.5131198480926655
1,0.8455886156172365
1,0.5231523427206117
1,0.3986727441283496
1,0.4597639283417044
1,0.7164575673035674
1,0.3970329970926851
1,0.5910767208080034
1,0.31937848313434697
1,0.5270610290604669
1,0.804493649585827
1,0.3216589648981352
1,0.709213907855588
1,0.8973180271081023
1,0.5731326208726779
1,0.5191930260609936
1,0.42426758017894384
1,0.7795455133592759
1,0.1891729219539745
1,0.5979785937312487
1,0.3611572904361261
1,0.4955900708163107
1,0.4955082745165438
1,0.3360545619114025
1,0.44685186224209295
1,0.6971448514912579
1,0.918113140842399
1,0.612028251628618
1,0.21393758219641607
1,0.6110393310318122
1,0.5012565696158925
1,0.5218953784253146
1,0.556515578281235
1,0.3830109331253413
1,0.8973180271081023
1,0.29466459396723155
1,0.2462504087267695
1,0.5602433580804516
1,0.4404442270059843
1,0.3695535265110633
1,0.10710948866766856
1,0.7096726813831845
1,0.6475744843482971
1,0.3768331267543741
1,0.4307161060136717
1,0.2520894899561599
1,0.6000079867002126
1,0.6812544745972028
1,0.30339016302211863
1,0.618887339693469
1,0.7895843279925553
1,0.6946431329926929
1,0.28385112897769826
1,0.4720737966331275
1,0.7881933169791827
1,0.7705450972189775
1,0.9001968241221197
1,0.5036500039938334
1,0.3431982683974344
1,0.5768055251321277
1,0.741962330164136
1,0.9577467989277196
1,0.4022345550962396
1,0.6384707334879283
1,0.1365247666835785
1,0.16255496402044556
1,0.5934067635318717
1,0.3901430960442569
1,0.6887966575654778
1,0.26069403540443725
1,0.8498708255387641
1,0.5890094029742319
1,0.817255483889902
1,0.7252975145505892
1,0.20519246201257446
1,0.8338937690934619
1,0.5174432582146413
1,0.4646566067193005
1,0.615339714731719
1,0.26903584196760844
1,0.7881933169791827
1,0.9106220246569532
1,0.3819761171534255
1,0.8221627477858517
1,0.6788172470153989
1,0.3553609872186506
1,0.6608049924913291
1,0.6640844835421523
1,0.8055988376003664
1,0.34625931245249675
1,0.6473915442018896
1,0.7279759016190026
1,0.7999813846639685
1,0.6984369597724966
1,0.410094024965892
1,0.6994241020969443
1,0.5686312076207753
1,0.6468481212048918
1,0.5340417663793307
1,0.6466474645846598
1,0.6690910325662509
1,0.6701324911335029
1,0.6535540847359477
1,0.6635589670087839
1,0.7439058503589114
1,0.9080672803762796
1,0.7973453948223913
1,0.8570807568124823
1,0.2643233845765526
1,0.3683061559458036
1,0.78001470088556
1,0.8542363526349938
1,0.41286710186584574
1,0.4755490112143594
1,0.7750978352552329
1,0.35810415406484863
1,0.4863752134748407
1,0.8309308067970984
1,0.42482959901964346
1,0.17776049633283875
1,0.7267539627044588
1,0.3365310188886281
1,0.592217435103816
1,0.3476884699351078
1,0.3904647311648807
1,0.663233953150543
1,0.5067422724253423
1,0.8805178665631526
1,0.6475704208620496
1,0.9132795051948444
1,0.4316194311187074
1,0.4804070265711965
1,0.7973453948223913
1,0.2603758158715995
1,0.6627619157771807
1,0.3217359020097835
1,0.22380917620014493
1,0.6719703499127079
1,0.5139443093055003
1,0.6773379114834037
1,0.3597414849980457
1,0.3396850496127799
1,0.652904184484804
1,0.3813645793376742
1,0.7042972653902866
1,0.6185540905272638
1,0.4631924115725466
1,0.8916800382572252
1,0.5615743338256269
1,0.8812197321975553
1,0.8413103496706164
1,0.3135492302275993
1,0.7468628500764434
1,0.9080672803762796
1,0.5616843696381595
1,0.4686157397321753
1,0.6937568435395086
1,0.6909716467599611
1,0.4896101140089937
1,0.4616578040090768
1,0.6846471138902612
1,0.873213595031081
1,0.8591536659545995
1,0.5059452991227846
1,0.5129256986484334
1,0.8176524524350424
1,0.3968494808351671
1,0.8916800382572252
1,0.3130719303279311
1,0.3640134580232002
1,0.6716328037751688
1,0.6719703499127079
1,0.34383453630112315
1,0.6705346461888906
1,0.7351595561045248
1,0.5306556497675341
1,0.3193051653939325
1,0.1957783030497061
1,0.34934082949483714
1,0.3298326561579833
1,0.3840852226759937
1,0.463972549986195
1,0.6284531269323181
1,0.6883473531217188
1,0.250403339798386
1,0.6336261152818397
1,0.6947047310705121
1,0.4764337678616112
1,0.2824175974001756
1,0.7042972653902866
1,0.5157823977438178
1,0.6145456127218298
1,0.545990853293522
1,0.1508576757199055
1,0.5027145403059754
1,0.7686083077176197
1,0.3685089878335193
1,0.5776516511230856
1,0.5203555161888536
1,0.6956659182906151
1,0.7717436054671133
1,0.6503802624505919
1,0.8995855307156171
1,0.5526382488173407
1,0.6915240843553799
1,0.2824175974001756
1,0.6947702541947365
1,0.5298184468536764
1,0.1973573839342272
1,0.5481053123602996
1,0.6606302335858345
1,0.5936876126640551
1,0.5229998583326468
1,0.38465708171999136
1,0.5014252125008687
1,0.9440936134070964
1,0.2886481836840913
1,0.7977437601500266
1,0.5170969832185153
1,0.5676571110615859
1,0.3845801055431366
1,0.5079647600650787
1,0.5990582029964473
1,0.8012284215640377
1,0.5115802312219465
1,0.5127568450328466
1,0.8631641757045243
1,0.3773712441325188
1,0.1342867129557842
1,0.7877441709106032
1,0.3059825973736273
1,0.4386373156228581
1,0.7071764020098222
1,0.4386373156228581
1,0.14793806261307485
1,0.4658916930894594
1,0.12233123747078145
1,0.43653419170830704
1,0.3619168062467832
1,0.4922745453344809
1,0.6542949742964796
1,0.8717101029044874
1,0.4358296225199828
1,0.6365930369576892
1,0.4323730347929774
1,0.4323730347929774
1,0.6180590414316267
1,0.8528091347700841
1,0.7545586715678911
1,0.8528091347700841
1,0.4570798672534324
1,0.4154765346163029
1,0.5575471445918083
1,0.6362309244436186
1,0.8057170278719954
1,0.6226208467741271
1,0.26265052041491943
1,0.23073932609042602
1,0.4916626563346064
1,0.6373968871461378
1,0.5541980113532092
1,0.6041560640206208
1,0.6365736082598971
1,0.6744618017125774
1,0.6542949742964796
1,0.4923029050633714
1,0.8999374043699857
1,0.8545433941322405
1,0.6715340271994874
1,0.2347742210368853
1,0.6456041060186721
1,0.8048336103155806
1,0.6327283172994047
1,0.575723036720946
1,0.4916626563346064
1,0.29210876643254946
1,0.659160537192145
1,0.4562654583840757
1,0.659160537192145
